{
    "accuracy": 0.6905487804878049,
    "precision": 0.6614173228346457,
    "recall": 0.3442622950819672,
    "f1_score": 0.4528301886792453
}
